id,cd_acao_rdz,nm_empresa,setor_economico,subsetor,segmento,cd_acao,tx_cnpj
1,CSAN,COSAN,"PETRÓLEO, GÁS E BIOCOMBUSTÍVEIS","PETRÓLEO, GÁS E BIOCOMBUSTÍVEIS","EXPLORAÇÃO, REFINO E DISTRIBUIÇÃO",CSAN3,50746577000115
2,DMMO,DOMMO,"PETRÓLEO, GÁS E BIOCOMBUSTÍVEIS","PETRÓLEO, GÁS E BIOCOMBUSTÍVEIS","EXPLORAÇÃO, REFINO E DISTRIBUIÇÃO","DMMO11, DMMO3",08926302000105
3,ENAT,ENAUTA PART,"PETRÓLEO, GÁS E BIOCOMBUSTÍVEIS","PETRÓLEO, GÁS E BIOCOMBUSTÍVEIS","EXPLORAÇÃO, REFINO E DISTRIBUIÇÃO",ENAT3,11669021000110
4,RPMG,PET MANGUINH,"PETRÓLEO, GÁS E BIOCOMBUSTÍVEIS","PETRÓLEO, GÁS E BIOCOMBUSTÍVEIS","EXPLORAÇÃO, REFINO E DISTRIBUIÇÃO",RPMG3,33412081000196
5,PETR,PETROBRAS,"PETRÓLEO, GÁS E BIOCOMBUSTÍVEIS","PETRÓLEO, GÁS E BIOCOMBUSTÍVEIS","EXPLORAÇÃO, REFINO E DISTRIBUIÇÃO","PETR4, PETR3",33000167000101
6,BRDT,PETROBRAS BR,"PETRÓLEO, GÁS E BIOCOMBUSTÍVEIS","PETRÓLEO, GÁS E BIOCOMBUSTÍVEIS","EXPLORAÇÃO, REFINO E DISTRIBUIÇÃO",BRDT3,34274233000102
7,PRIO,PETRORIO,"PETRÓLEO, GÁS E BIOCOMBUSTÍVEIS","PETRÓLEO, GÁS E BIOCOMBUSTÍVEIS","EXPLORAÇÃO, REFINO E DISTRIBUIÇÃO",PRIO3,10629105000168
8,UGPA,ULTRAPAR,"PETRÓLEO, GÁS E BIOCOMBUSTÍVEIS","PETRÓLEO, GÁS E BIOCOMBUSTÍVEIS","EXPLORAÇÃO, REFINO E DISTRIBUIÇÃO",UGPA3,33256439000139
9,LUPA,LUPATECH,"PETRÓLEO, GÁS E BIOCOMBUSTÍVEIS","PETRÓLEO, GÁS E BIOCOMBUSTÍVEIS",EQUIPAMENTOS E SERVIÇOS,LUPA3,89463822000112
10,OSXB,OSX BRASIL,"PETRÓLEO, GÁS E BIOCOMBUSTÍVEIS","PETRÓLEO, GÁS E BIOCOMBUSTÍVEIS",EQUIPAMENTOS E SERVIÇOS,OSXB3,09112685000132
11,BRAP,BRADESPAR,MATERIAIS BÁSICOS,MINERAÇÃO,MINERAIS METÁLICOS,"BRAP4, BRAP3",03847461000192
12,LTEL,LITEL,MATERIAIS BÁSICOS,MINERAÇÃO,MINERAIS METÁLICOS,LTEL3B,00743065000127
13,LTLA,LITELA,MATERIAIS BÁSICOS,MINERAÇÃO,MINERAIS METÁLICOS,LTLA3B,05495546000184
14,MMXM,MMX MINER,MATERIAIS BÁSICOS,MINERAÇÃO,MINERAIS METÁLICOS,MMXM3,02762115000149
15,VALE,VALE,MATERIAIS BÁSICOS,MINERAÇÃO,MINERAIS METÁLICOS,VALE3,33592510000154
16,FESA,FERBASA,MATERIAIS BÁSICOS,SIDERURGIA E METALURGIA,SIDERURGIA,"FESA4, FESA3",15141799000103
17,GGBR,GERDAU,MATERIAIS BÁSICOS,SIDERURGIA E METALURGIA,SIDERURGIA,"GGBR3, GGBR4",33611500000119
18,GOAU,GERDAU MET,MATERIAIS BÁSICOS,SIDERURGIA E METALURGIA,SIDERURGIA,"GOAU3, GOAU4",92690783000109
19,CSNA,SID NACIONAL,MATERIAIS BÁSICOS,SIDERURGIA E METALURGIA,SIDERURGIA,CSNA3,33042730000104
20,USIM,USIMINAS,MATERIAIS BÁSICOS,SIDERURGIA E METALURGIA,SIDERURGIA,"USIM6, USIM5, USIM3",60894730000105
21,MGEL,MANGELS INDL,MATERIAIS BÁSICOS,SIDERURGIA E METALURGIA,ARTEFATOS DE FERRO E AÇO,"MGEL3, MGEL4",61065298000102
22,PATI,PANATLANTICA,MATERIAIS BÁSICOS,SIDERURGIA E METALURGIA,ARTEFATOS DE FERRO E AÇO,"PATI3, PATI4",92693019000189
23,TKNO,TEKNO,MATERIAIS BÁSICOS,SIDERURGIA E METALURGIA,ARTEFATOS DE FERRO E AÇO,"TKNO3, TKNO4",33467572000134
24,PMAM,PARANAPANEMA,MATERIAIS BÁSICOS,SIDERURGIA E METALURGIA,ARTEFATOS DE COBRE,PMAM3,60398369000479
25,BRKM,BRASKEM,MATERIAIS BÁSICOS,QUÍMICOS,PETROQUÍMICOS,"BRKM6, BRKM5, BRKM3",42150391000170
26,ELEK,ELEKEIROZ,MATERIAIS BÁSICOS,QUÍMICOS,PETROQUÍMICOS,"ELEK3, ELEK4",13788120000147
27,GPCP,GPC PART,MATERIAIS BÁSICOS,QUÍMICOS,PETROQUÍMICOS,"GPCP3, GPCP4",02193750000152
28,FHER,FER HERINGER,MATERIAIS BÁSICOS,QUÍMICOS,FERTILIZANTES E DEFENSIVOS,FHER3,22266175000188
29,NUTR,NUTRIPLANT,MATERIAIS BÁSICOS,QUÍMICOS,FERTILIZANTES E DEFENSIVOS,,
30,CRPG,CRISTAL,MATERIAIS BÁSICOS,QUÍMICOS,QUÍMICOS DIVERSOS,"CRPG3, CRPG5, CRPG6",15115504000124
31,UNIP,UNIPAR,MATERIAIS BÁSICOS,QUÍMICOS,QUÍMICOS DIVERSOS,"UNIP3, UNIP5, UNIP6",33958695000178
32,DTEX,DURATEX,MATERIAIS BÁSICOS,MADEIRA E PAPEL,MADEIRA,DTEX3,97837181000147
33,EUCA,EUCATEX,MATERIAIS BÁSICOS,MADEIRA E PAPEL,MADEIRA,"EUCA4, EUCA3",56643018000166
34,RANI,IRANI,MATERIAIS BÁSICOS,MADEIRA E PAPEL,PAPEL E CELULOSE,"RANI3, RANI4",92791243000103
35,KLBN,KLABIN S/A,MATERIAIS BÁSICOS,MADEIRA E PAPEL,PAPEL E CELULOSE,"KLBN11, KLBN3, KLBN4",89637490000145
36,MSPA,MELHOR SP,MATERIAIS BÁSICOS,MADEIRA E PAPEL,PAPEL E CELULOSE,"MSPA3, MSPA4",60730348000166
37,STTZ,SANTHER,MATERIAIS BÁSICOS,MADEIRA E PAPEL,PAPEL E CELULOSE,,
38,NEMO,SUZANO HOLD,MATERIAIS BÁSICOS,MADEIRA E PAPEL,PAPEL E CELULOSE,"NEMO3, NEMO5, NEMO6",60651809000105
39,SUZB,SUZANO S.A.,MATERIAIS BÁSICOS,MADEIRA E PAPEL,PAPEL E CELULOSE,SUZB3,16404287000155
40,MTIG,METAL IGUACU,MATERIAIS BÁSICOS,EMBALAGENS,EMBALAGENS,"MTIG3, MTIG4",80227184000166
41,SNSY,SANSUY,MATERIAIS BÁSICOS,MATERIAIS DIVERSOS,MATERIAIS DIVERSOS,"SNSY3, SNSY5, SNSY6",14807945000124
42,ETER,ETERNIT,BENS INDUSTRIAIS,CONSTRUÇÃO E ENGENHARIA,PRODUTOS PARA CONSTRUÇÃO,ETER3,61092037000181
43,HAGA,HAGA S/A,BENS INDUSTRIAIS,CONSTRUÇÃO E ENGENHARIA,PRODUTOS PARA CONSTRUÇÃO,"HAGA3, HAGA4",30540991000166
44,PTBL,PORTOBELLO,BENS INDUSTRIAIS,CONSTRUÇÃO E ENGENHARIA,PRODUTOS PARA CONSTRUÇÃO,PTBL3,83475913000191
45,AZEV,AZEVEDO,BENS INDUSTRIAIS,CONSTRUÇÃO E ENGENHARIA,CONSTRUÇÃO PESADA,"AZEV3, AZEV4",61351532000168
46,SOND,SONDOTECNICA,BENS INDUSTRIAIS,CONSTRUÇÃO E ENGENHARIA,ENGENHARIA CONSULTIVA,"SOND3, SOND5, SOND6",33386210000119
47,TCNO,TECNOSOLO,BENS INDUSTRIAIS,CONSTRUÇÃO E ENGENHARIA,ENGENHARIA CONSULTIVA,"TCNO3, TCNO4",33111246000190
48,MILS,MILLS,BENS INDUSTRIAIS,CONSTRUÇÃO E ENGENHARIA,SERVIÇOS DIVERSOS,MILS3,27093558000115
49,EMBR,EMBRAER,BENS INDUSTRIAIS,MATERIAL DE TRANSPORTE,MATERIAL AERONÁUTICO E DE DEFESA,EMBR3,07689002000189
50,FRAS,FRAS-LE,BENS INDUSTRIAIS,MATERIAL DE TRANSPORTE,MATERIAL RODOVIÁRIO,FRAS3,88610126000129
51,POMO,MARCOPOLO,BENS INDUSTRIAIS,MATERIAL DE TRANSPORTE,MATERIAL RODOVIÁRIO,"POMO4, POMO3",88611835000129
52,RAPT,RANDON PART,BENS INDUSTRIAIS,MATERIAL DE TRANSPORTE,MATERIAL RODOVIÁRIO,"RAPT4, RAPT3",89086144000116
53,RCSL,RECRUSUL,BENS INDUSTRIAIS,MATERIAL DE TRANSPORTE,MATERIAL RODOVIÁRIO,"RCSL3, RCSL4",91333666000117
54,RSUL,RIOSULENSE,BENS INDUSTRIAIS,MATERIAL DE TRANSPORTE,MATERIAL RODOVIÁRIO,"RSUL3, RSUL4",85778074000106
55,TUPY,TUPY,BENS INDUSTRIAIS,MATERIAL DE TRANSPORTE,MATERIAL RODOVIÁRIO,TUPY3,84683374000149
56,MWET,WETZEL S/A,BENS INDUSTRIAIS,MATERIAL DE TRANSPORTE,MATERIAL RODOVIÁRIO,"MWET3, MWET4",84683671000194
57,SHUL,SCHULZ,BENS INDUSTRIAIS,MÁQUINAS E EQUIPAMENTOS,"MOTORES, COMPRESSORES E OUTROS","SHUL4, SHUL3",84693183000168
58,WEGE,WEG,BENS INDUSTRIAIS,MÁQUINAS E EQUIPAMENTOS,"MOTORES, COMPRESSORES E OUTROS",WEGE3,84429695000111
59,EALT,ACO ALTONA,BENS INDUSTRIAIS,MÁQUINAS E EQUIPAMENTOS,MÁQ. E EQUIP. INDUSTRIAIS,"EALT3, EALT4",82643537000134
60,BDLL,BARDELLA,BENS INDUSTRIAIS,MÁQUINAS E EQUIPAMENTOS,MÁQ. E EQUIP. INDUSTRIAIS,"BDLL4, BDLL3",60851615000153
61,ROMI,INDS ROMI,BENS INDUSTRIAIS,MÁQUINAS E EQUIPAMENTOS,MÁQ. E EQUIP. INDUSTRIAIS,ROMI3,56720428000163
62,INEP,INEPAR,BENS INDUSTRIAIS,MÁQUINAS E EQUIPAMENTOS,MÁQ. E EQUIP. INDUSTRIAIS,"INEP4, INEP3",76627504000106
63,KEPL,KEPLER WEBER,BENS INDUSTRIAIS,MÁQUINAS E EQUIPAMENTOS,MÁQ. E EQUIP. INDUSTRIAIS,KEPL3,91983056000169
64,FRIO,METALFRIO,BENS INDUSTRIAIS,MÁQUINAS E EQUIPAMENTOS,MÁQ. E EQUIP. INDUSTRIAIS,FRIO3,04821041000108
65,NORD,NORDON MET,BENS INDUSTRIAIS,MÁQUINAS E EQUIPAMENTOS,MÁQ. E EQUIP. INDUSTRIAIS,NORD3,60884319000159
66,PTCA,PRATICA,BENS INDUSTRIAIS,MÁQUINAS E EQUIPAMENTOS,MÁQ. E EQUIP. INDUSTRIAIS,"PTCA11, PTCA3",08574411000100
67,MTSA,METISA,BENS INDUSTRIAIS,MÁQUINAS E EQUIPAMENTOS,MÁQ. E EQUIP. CONSTRUÇÃO E AGRÍCOLAS,"MTSA3, MTSA4",86375425000109
68,STTR,STARA,BENS INDUSTRIAIS,MÁQUINAS E EQUIPAMENTOS,MÁQ. E EQUIP. CONSTRUÇÃO E AGRÍCOLAS,,
69,TASA,TAURUS ARMAS,BENS INDUSTRIAIS,MÁQUINAS E EQUIPAMENTOS,ARMAS E MUNIÇÕES,"TASA13, TASA15, TASA17, TASA3, TASA4",92781335000102
70,AZUL,AZUL,BENS INDUSTRIAIS,TRANSPORTE,TRANSPORTE AÉREO,AZUL4,09305994000129
71,GOLL,GOL,BENS INDUSTRIAIS,TRANSPORTE,TRANSPORTE AÉREO,"GOLL11, GOLL4",06164253000187
72,FRRN,ALL NORTE,BENS INDUSTRIAIS,TRANSPORTE,TRANSPORTE FERROVIÁRIO,"FRRN3B, FRRN5B, FRRN6B",24962466000136
73,GASC,ALL PAULISTA,BENS INDUSTRIAIS,TRANSPORTE,TRANSPORTE FERROVIÁRIO,,
74,RLOG,COSAN LOG,BENS INDUSTRIAIS,TRANSPORTE,TRANSPORTE FERROVIÁRIO,RLOG3,17346997000139
75,VSPT,FER C ATLANT,BENS INDUSTRIAIS,TRANSPORTE,TRANSPORTE FERROVIÁRIO,"VSPT3, VSPT4",00924429000175
76,MRSA,MRS LOGIST,BENS INDUSTRIAIS,TRANSPORTE,TRANSPORTE FERROVIÁRIO,"MRSA3B, MRSA5B, MRSA6B",01417222000177
77,RAIL,RUMO S.A.,BENS INDUSTRIAIS,TRANSPORTE,TRANSPORTE FERROVIÁRIO,RAIL3,02387241000160
78,LOGN,LOG-IN,BENS INDUSTRIAIS,TRANSPORTE,TRANSPORTE HIDROVIÁRIO,LOGN3,42278291000124
79,LUXM,TREVISA,BENS INDUSTRIAIS,TRANSPORTE,TRANSPORTE HIDROVIÁRIO,"LUXM3, LUXM4",92660570000126
80,JSLG,JSL,BENS INDUSTRIAIS,TRANSPORTE,TRANSPORTE RODOVIÁRIO,JSLG3,52548435000179
81,TGMA,TEGMA,BENS INDUSTRIAIS,TRANSPORTE,TRANSPORTE RODOVIÁRIO,TGMA3,02351144000118
82,ANHB,AUTOBAN,BENS INDUSTRIAIS,TRANSPORTE,EXPLORAÇÃO DE RODOVIAS,,
83,CCRO,CCR SA,BENS INDUSTRIAIS,TRANSPORTE,EXPLORAÇÃO DE RODOVIAS,CCRO3,02846056000197
84,RPTA,CONC RAPOSO,BENS INDUSTRIAIS,TRANSPORTE,EXPLORAÇÃO DE RODOVIAS,,
85,CRTE,CONC RIO TER,BENS INDUSTRIAIS,TRANSPORTE,EXPLORAÇÃO DE RODOVIAS,"CRTE3B, CRTE5B",00938574000105
86,ERDV,ECON,BENS INDUSTRIAIS,TRANSPORTE,EXPLORAÇÃO DE RODOVIAS,,
87,ECNT,ECONORTE,BENS INDUSTRIAIS,TRANSPORTE,EXPLORAÇÃO DE RODOVIAS,,
88,ASCP,ECOPISTAS,BENS INDUSTRIAIS,TRANSPORTE,EXPLORAÇÃO DE RODOVIAS,,
89,ECOR,ECORODOVIAS,BENS INDUSTRIAIS,TRANSPORTE,EXPLORAÇÃO DE RODOVIAS,ECOR3,04149454000180
90,ECOV,ECOVIAS,BENS INDUSTRIAIS,TRANSPORTE,EXPLORAÇÃO DE RODOVIAS,,
91,COLN,ROD COLINAS,BENS INDUSTRIAIS,TRANSPORTE,EXPLORAÇÃO DE RODOVIAS,,
92,RDVT,ROD TIETE,BENS INDUSTRIAIS,TRANSPORTE,EXPLORAÇÃO DE RODOVIAS,,
93,CRBD,RT BANDEIRAS,BENS INDUSTRIAIS,TRANSPORTE,EXPLORAÇÃO DE RODOVIAS,,
94,TRIA,TRIANGULOSOL,BENS INDUSTRIAIS,TRANSPORTE,EXPLORAÇÃO DE RODOVIAS,,
95,TPIS,TRIUNFO PART,BENS INDUSTRIAIS,TRANSPORTE,EXPLORAÇÃO DE RODOVIAS,TPIS3,03014553000191
96,VOES,VIAOESTE,BENS INDUSTRIAIS,TRANSPORTE,EXPLORAÇÃO DE RODOVIAS,,
97,AGRU,GRUAIRPORT,BENS INDUSTRIAIS,TRANSPORTE,SERVIÇOS DE APOIO E ARMAZENAGEM,,
98,PSVM,PORTO VM,BENS INDUSTRIAIS,TRANSPORTE,SERVIÇOS DE APOIO E ARMAZENAGEM,PSVM11,18494485000182
99,IVPR,INVEPAR,BENS INDUSTRIAIS,TRANSPORTE,SERVIÇOS DE APOIO E ARMAZENAGEM,"IVPR4B, IVPR3B",03758318000124
100,SAIP,SALUS INFRA,BENS INDUSTRIAIS,TRANSPORTE,SERVIÇOS DE APOIO E ARMAZENAGEM,,
101,STBP,SANTOS BRP,BENS INDUSTRIAIS,TRANSPORTE,SERVIÇOS DE APOIO E ARMAZENAGEM,STBP3,02762121000104
102,WSON,WILSON SONS,BENS INDUSTRIAIS,TRANSPORTE,SERVIÇOS DE APOIO E ARMAZENAGEM,WSON33,05721735000128
103,ATMP,ATMASA,BENS INDUSTRIAIS,SERVIÇOS DIVERSOS,SERVIÇOS DIVERSOS,,
104,BBML,BBMLOGISTICA,BENS INDUSTRIAIS,SERVIÇOS DIVERSOS,SERVIÇOS DIVERSOS,BBML3,01107327000120
105,CARD,CSU CARDSYST,BENS INDUSTRIAIS,SERVIÇOS DIVERSOS,SERVIÇOS DIVERSOS,CARD3,01896779000138
106,DTCY,DTCOM-DIRECT,BENS INDUSTRIAIS,SERVIÇOS DIVERSOS,SERVIÇOS DIVERSOS,"DTCY3, DTCY4",03303999000136
107,FLEX,FLEX S/A,BENS INDUSTRIAIS,SERVIÇOS DIVERSOS,SERVIÇOS DIVERSOS,FLEX3,10851805000100
108,PRNR,PRINER,BENS INDUSTRIAIS,SERVIÇOS DIVERSOS,SERVIÇOS DIVERSOS,PRNR3,18593815000197
109,VLID,VALID,BENS INDUSTRIAIS,SERVIÇOS DIVERSOS,SERVIÇOS DIVERSOS,VLID3,33113309000147
110,BTTL,BATTISTELLA,BENS INDUSTRIAIS,COMÉRCIO,MATERIAL DE TRANSPORTE,BTTL3,42331462000131
111,MMAQ,MINASMAQUINA,BENS INDUSTRIAIS,COMÉRCIO,MATERIAL DE TRANSPORTE,"MMAQ3, MMAQ4",17161241000115
112,WLMM,WLM IND COM,BENS INDUSTRIAIS,COMÉRCIO,MATERIAL DE TRANSPORTE,"WLMM3, WLMM4",33228024000151
113,APTI,ALIPERTI,CONSUMO NÃO CÍCLICO,AGROPECUÁRIA,AGRICULTURA,"APTI3, APTI4",61156931000178
114,AGRO,BRASILAGRO,CONSUMO NÃO CÍCLICO,AGROPECUÁRIA,AGRICULTURA,AGRO3,07628528000159
115,FRTA,POMIFRUTAS,CONSUMO NÃO CÍCLICO,AGROPECUÁRIA,AGRICULTURA,FRTA3,86550951000150
116,SLCE,SLC AGRICOLA,CONSUMO NÃO CÍCLICO,AGROPECUÁRIA,AGRICULTURA,SLCE3,89096457000155
117,TESA,TERRA SANTA,CONSUMO NÃO CÍCLICO,AGROPECUÁRIA,AGRICULTURA,"TESA12, TESA3",05799312000120
118,BSEV,BIOSEV,CONSUMO NÃO CÍCLICO,ALIMENTOS PROCESSADOS,AÇUCAR E ALCOOL,BSEV3,15527906000136
119,RESA,RAIZEN ENERG,CONSUMO NÃO CÍCLICO,ALIMENTOS PROCESSADOS,AÇUCAR E ALCOOL,,
120,SMTO,SAO MARTINHO,CONSUMO NÃO CÍCLICO,ALIMENTOS PROCESSADOS,AÇUCAR E ALCOOL,SMTO3,51466860000156
121,BRFS,BRF SA,CONSUMO NÃO CÍCLICO,ALIMENTOS PROCESSADOS,CARNES E DERIVADOS,BRFS3,01838723000127
122,BAUH,EXCELSIOR,CONSUMO NÃO CÍCLICO,ALIMENTOS PROCESSADOS,CARNES E DERIVADOS,"BAUH3, BAUH4",95426862000197
123,JBSS,JBS,CONSUMO NÃO CÍCLICO,ALIMENTOS PROCESSADOS,CARNES E DERIVADOS,JBSS3,02916265000160
124,MRFG,MARFRIG,CONSUMO NÃO CÍCLICO,ALIMENTOS PROCESSADOS,CARNES E DERIVADOS,MRFG3,03853896000140
125,BEEF,MINERVA,CONSUMO NÃO CÍCLICO,ALIMENTOS PROCESSADOS,CARNES E DERIVADOS,"BEEF3, BEEF11",67620377000114
126,MNPR,MINUPAR,CONSUMO NÃO CÍCLICO,ALIMENTOS PROCESSADOS,CARNES E DERIVADOS,MNPR3,90076886000140
127,CAML,CAMIL,CONSUMO NÃO CÍCLICO,ALIMENTOS PROCESSADOS,ALIMENTOS DIVERSOS,CAML3,64904295000103
128,JMCD,J.MACEDO,CONSUMO NÃO CÍCLICO,ALIMENTOS PROCESSADOS,ALIMENTOS DIVERSOS,,
129,JOPA,JOSAPAR,CONSUMO NÃO CÍCLICO,ALIMENTOS PROCESSADOS,ALIMENTOS DIVERSOS,"JOPA3, JOPA4",87456562000122
130,MDIA,M.DIASBRANCO,CONSUMO NÃO CÍCLICO,ALIMENTOS PROCESSADOS,ALIMENTOS DIVERSOS,MDIA3,07206816000115
131,ODER,ODERICH,CONSUMO NÃO CÍCLICO,ALIMENTOS PROCESSADOS,ALIMENTOS DIVERSOS,"ODER3, ODER4",97191902000194
132,ABEV,AMBEV S/A,CONSUMO NÃO CÍCLICO,BEBIDAS,CERVEJAS E REFRIGERANTES,ABEV3,07526557000100
133,NTCO,GRUPO NATURA,CONSUMO NÃO CÍCLICO,PRODUTOS DE USO PESSOAL E DE LIMPEZA,PRODUTOS DE USO PESSOAL,NTCO3,32785497000197
134,BOBR,BOMBRIL,CONSUMO NÃO CÍCLICO,PRODUTOS DE USO PESSOAL E DE LIMPEZA,PRODUTOS DE LIMPEZA,"BOBR3, BOBR4",50564053000103
135,CRFB,CARREFOUR BR,CONSUMO NÃO CÍCLICO,COMÉRCIO E DISTRIBUIÇÃO,ALIMENTOS,CRFB3,75315333000109
136,PCAR,P.ACUCAR-CBD,CONSUMO NÃO CÍCLICO,COMÉRCIO E DISTRIBUIÇÃO,ALIMENTOS,PCAR3,47508411000156
137,CALI,CONST A LIND,CONSUMO CÍCLICO,CONSTRUÇÃO CIVIL,INCORPORAÇÕES,"CALI3, CALI4",61022042000118
138,CRDE,CR2,CONSUMO CÍCLICO,CONSTRUÇÃO CIVIL,INCORPORAÇÕES,CRDE3,07820907000146
139,CYRE,CYRELA REALT,CONSUMO CÍCLICO,CONSTRUÇÃO CIVIL,INCORPORAÇÕES,CYRE3,73178600000118
140,DIRR,DIRECIONAL,CONSUMO CÍCLICO,CONSTRUÇÃO CIVIL,INCORPORAÇÕES,DIRR3,16614075000100
141,EVEN,EVEN,CONSUMO CÍCLICO,CONSTRUÇÃO CIVIL,INCORPORAÇÕES,EVEN3,43470988000165
142,EZTC,EZTEC,CONSUMO CÍCLICO,CONSTRUÇÃO CIVIL,INCORPORAÇÕES,EZTC3,08312229000173
143,GFSA,GAFISA,CONSUMO CÍCLICO,CONSTRUÇÃO CIVIL,INCORPORAÇÕES,GFSA3,01545826000107
144,HBOR,HELBOR,CONSUMO CÍCLICO,CONSTRUÇÃO CIVIL,INCORPORAÇÕES,HBOR3,49263189000102
145,INNT,INTER SA,CONSUMO CÍCLICO,CONSTRUÇÃO CIVIL,INCORPORAÇÕES,INNT3,09611768000176
146,JHSF,JHSF PART,CONSUMO CÍCLICO,CONSTRUÇÃO CIVIL,INCORPORAÇÕES,JHSF3,08294224000165
147,JFEN,JOAO FORTES,CONSUMO CÍCLICO,CONSTRUÇÃO CIVIL,INCORPORAÇÕES,JFEN3,33035536000100
148,MTRE,MITRE REALTY,CONSUMO CÍCLICO,CONSTRUÇÃO CIVIL,INCORPORAÇÕES,MTRE3,07882930000165
149,MDNE,MOURA DUBEUX,CONSUMO CÍCLICO,CONSTRUÇÃO CIVIL,INCORPORAÇÕES,MDNE3,12049631000184
150,MRVE,MRV,CONSUMO CÍCLICO,CONSTRUÇÃO CIVIL,INCORPORAÇÕES,MRVE3,08343492000120
151,PDGR,PDG REALT,CONSUMO CÍCLICO,CONSTRUÇÃO CIVIL,INCORPORAÇÕES,PDGR3,02950811000189
152,RDNI,RNI,CONSUMO CÍCLICO,CONSTRUÇÃO CIVIL,INCORPORAÇÕES,RDNI3,67010660000124
153,RSID,ROSSI RESID,CONSUMO CÍCLICO,CONSTRUÇÃO CIVIL,INCORPORAÇÕES,RSID3,61065751000180
154,TCSA,TECNISA,CONSUMO CÍCLICO,CONSTRUÇÃO CIVIL,INCORPORAÇÕES,TCSA3,08065557000112
155,TEND,TENDA,CONSUMO CÍCLICO,CONSTRUÇÃO CIVIL,INCORPORAÇÕES,TEND3,71476527000135
156,TRIS,TRISUL,CONSUMO CÍCLICO,CONSTRUÇÃO CIVIL,INCORPORAÇÕES,TRIS3,08811643000127
157,VIVR,VIVER,CONSUMO CÍCLICO,CONSTRUÇÃO CIVIL,INCORPORAÇÕES,VIVR3,67571414000141
158,CEDO,CEDRO,CONSUMO CÍCLICO,"TECIDOS, VESTUÁRIO E CALÇADOS",FIOS E TECIDOS,"CEDO4, CEDO3",17245234000100
159,CTNM,COTEMINAS,CONSUMO CÍCLICO,"TECIDOS, VESTUÁRIO E CALÇADOS",FIOS E TECIDOS,"CTNM4, CTNM3",22677520000176
160,DOHL,DOHLER,CONSUMO CÍCLICO,"TECIDOS, VESTUÁRIO E CALÇADOS",FIOS E TECIDOS,"DOHL3, DOHL4",84683408000103
161,ECPR,ENCORPAR,CONSUMO CÍCLICO,"TECIDOS, VESTUÁRIO E CALÇADOS",FIOS E TECIDOS,"ECPR3, ECPR4",01971614000183
162,CATA,IND CATAGUAS,CONSUMO CÍCLICO,"TECIDOS, VESTUÁRIO E CALÇADOS",FIOS E TECIDOS,"CATA3, CATA4",19526748000150
163,CTKA,KARSTEN,CONSUMO CÍCLICO,"TECIDOS, VESTUÁRIO E CALÇADOS",FIOS E TECIDOS,"CTKA4, CTKA3",82640558000104
164,PTNT,PETTENATI,CONSUMO CÍCLICO,"TECIDOS, VESTUÁRIO E CALÇADOS",FIOS E TECIDOS,"PTNT3, PTNT4",88613658000110
165,CTSA,SANTANENSE,CONSUMO CÍCLICO,"TECIDOS, VESTUÁRIO E CALÇADOS",FIOS E TECIDOS,"CTSA3, CTSA4, CTSA8",21255567000189
166,SGPS,SPRINGS,CONSUMO CÍCLICO,"TECIDOS, VESTUÁRIO E CALÇADOS",FIOS E TECIDOS,SGPS3,07718269000157
167,TEKA,TEKA,CONSUMO CÍCLICO,"TECIDOS, VESTUÁRIO E CALÇADOS",FIOS E TECIDOS,"TEKA3, TEKA4",82636986000155
168,TXRX,TEX RENAUX,CONSUMO CÍCLICO,"TECIDOS, VESTUÁRIO E CALÇADOS",FIOS E TECIDOS,,
169,HGTX,CIA HERING,CONSUMO CÍCLICO,"TECIDOS, VESTUÁRIO E CALÇADOS",VESTUÁRIO,HGTX3,78876950000171
170,ALPA,ALPARGATAS,CONSUMO CÍCLICO,"TECIDOS, VESTUÁRIO E CALÇADOS",CALÇADOS,"ALPA3, ALPA4",61079117000105
171,CAMB,CAMBUCI,CONSUMO CÍCLICO,"TECIDOS, VESTUÁRIO E CALÇADOS",CALÇADOS,CAMB3,61088894000108
172,GRND,GRENDENE,CONSUMO CÍCLICO,"TECIDOS, VESTUÁRIO E CALÇADOS",CALÇADOS,GRND3,89850341000160
173,VULC,VULCABRAS,CONSUMO CÍCLICO,"TECIDOS, VESTUÁRIO E CALÇADOS",CALÇADOS,VULC3,50926955000142
174,MNDL,MUNDIAL,CONSUMO CÍCLICO,"TECIDOS, VESTUÁRIO E CALÇADOS",ACESSÓRIOS,MNDL3,88610191000154
175,TECN,TECHNOS,CONSUMO CÍCLICO,"TECIDOS, VESTUÁRIO E CALÇADOS",ACESSÓRIOS,TECN3,09295063000197
176,VIVA,VIVARA S.A.,CONSUMO CÍCLICO,"TECIDOS, VESTUÁRIO E CALÇADOS",ACESSÓRIOS,VIVA3,33839910000111
177,WHRL,WHIRLPOOL,CONSUMO CÍCLICO,UTILIDADES DOMÉSTICAS,ELETRODOMÉSTICOS,WHRL3,59105999000186
178,UCAS,UNICASA,CONSUMO CÍCLICO,UTILIDADES DOMÉSTICAS,MÓVEIS,UCAS3,90441460000148
179,HETA,HERCULES,CONSUMO CÍCLICO,UTILIDADES DOMÉSTICAS,UTENSÍLIOS DOMÉSTICOS,"HETA3, HETA4",92749225000163
180,MYPK,IOCHP-MAXION,CONSUMO CÍCLICO,AUTOMÓVEIS E MOTOCICLETAS,AUTOMÓVEIS E MOTOCICLETAS,MYPK3,61156113000175
181,LEVE,METAL LEVE,CONSUMO CÍCLICO,AUTOMÓVEIS E MOTOCICLETAS,AUTOMÓVEIS E MOTOCICLETAS,LEVE3,60476884000187
182,PLAS,PLASCAR PART,CONSUMO CÍCLICO,AUTOMÓVEIS E MOTOCICLETAS,AUTOMÓVEIS E MOTOCICLETAS,PLAS3,51928174000150
183,HOOT,HOTEIS OTHON,CONSUMO CÍCLICO,HOTEIS E RESTAURANTES,HOTELARIA,HOOT4,33200049000147
184,BKBR,BK BRASIL,CONSUMO CÍCLICO,HOTEIS E RESTAURANTES,RESTAURANTE E SIMILARES,BKBR3,13574594000196
185,MEAL,IMC S/A,CONSUMO CÍCLICO,HOTEIS E RESTAURANTES,RESTAURANTE E SIMILARES,MEAL3,17314329000120
186,BMKS,BIC MONARK,CONSUMO CÍCLICO,VIAGENS E LAZER,BICICLETAS,BMKS3,56992423000190
187,ESTR,ESTRELA,CONSUMO CÍCLICO,VIAGENS E LAZER,BRINQUEDOS E JOGOS,"ESTR4, ESTR3",61082004000150
188,AHEB,SPTURIS,CONSUMO CÍCLICO,VIAGENS E LAZER,PRODUÇÃO DE EVENTOS E SHOWS,"AHEB3, AHEB5, AHEB6",62002886000160
189,SHOW,TIME FOR FUN,CONSUMO CÍCLICO,VIAGENS E LAZER,PRODUÇÃO DE EVENTOS E SHOWS,SHOW3,02860694000162
190,CVCB,CVC BRASIL,CONSUMO CÍCLICO,VIAGENS E LAZER,VIAGENS E TURISMO,CVCB3,10760260000119
191,SMFT,SMART FIT,CONSUMO CÍCLICO,VIAGENS E LAZER,ATIVIDADES ESPORTIVAS,SMFT3,07594978000178
192,ANIM,ANIMA,CONSUMO CÍCLICO,DIVERSOS,SERVIÇOS EDUCACIONAIS,ANIM3,09288252000132
193,BAHI,BAHEMA,CONSUMO CÍCLICO,DIVERSOS,SERVIÇOS EDUCACIONAIS,BAHI3,45987245000192
194,COGN,COGNA ON,CONSUMO CÍCLICO,DIVERSOS,SERVIÇOS EDUCACIONAIS,COGN3,02800026000140
195,SEER,SER EDUCA,CONSUMO CÍCLICO,DIVERSOS,SERVIÇOS EDUCACIONAIS,SEER3,04986320000113
196,YDUQ,YDUQS PART,CONSUMO CÍCLICO,DIVERSOS,SERVIÇOS EDUCACIONAIS,YDUQ3,08807432000110
197,RENT,LOCALIZA,CONSUMO CÍCLICO,DIVERSOS,ALUGUEL DE CARROS,RENT3,16670085000155
198,LCAM,LOCAMERICA,CONSUMO CÍCLICO,DIVERSOS,ALUGUEL DE CARROS,LCAM3,10215988000160
199,MSRO,MAESTROLOC,CONSUMO CÍCLICO,DIVERSOS,ALUGUEL DE CARROS,MSRO3,08795211000170
200,MOVI,MOVIDA,CONSUMO CÍCLICO,DIVERSOS,ALUGUEL DE CARROS,MOVI3,21314559000166
201,UNID,UNIDAS,CONSUMO CÍCLICO,DIVERSOS,ALUGUEL DE CARROS,,
202,SMLS,SMILES,CONSUMO CÍCLICO,DIVERSOS,PROGRAMAS DE FIDELIZAÇÃO,SMLS3,05730375000120
203,ARZZ,AREZZO CO,CONSUMO CÍCLICO,COMÉRCIO,"TECIDOS, VESTUÁRIO E CALÇADOS",ARZZ3,16590234000176
204,CEAB,CEA MODAS,CONSUMO CÍCLICO,COMÉRCIO,"TECIDOS, VESTUÁRIO E CALÇADOS",CEAB3,45242914000105
205,CGRA,GRAZZIOTIN,CONSUMO CÍCLICO,COMÉRCIO,"TECIDOS, VESTUÁRIO E CALÇADOS","CGRA4, CGRA3",92012467000170
206,GUAR,GUARARAPES,CONSUMO CÍCLICO,COMÉRCIO,"TECIDOS, VESTUÁRIO E CALÇADOS",GUAR3,08402943000152
207,LLIS,LE LIS BLANC,CONSUMO CÍCLICO,COMÉRCIO,"TECIDOS, VESTUÁRIO E CALÇADOS",LLIS3,49669856000143
208,AMAR,LOJAS MARISA,CONSUMO CÍCLICO,COMÉRCIO,"TECIDOS, VESTUÁRIO E CALÇADOS",AMAR3,61189288000189
209,LREN,LOJAS RENNER,CONSUMO CÍCLICO,COMÉRCIO,"TECIDOS, VESTUÁRIO E CALÇADOS",LREN3,92754738000162
210,MGLU,MAGAZ LUIZA,CONSUMO CÍCLICO,COMÉRCIO,ELETRODOMÉSTICOS,MGLU3,47960950000121
211,VVAR,VIAVAREJO,CONSUMO CÍCLICO,COMÉRCIO,ELETRODOMÉSTICOS,VVAR3,33041260065290
212,BTOW,B2W DIGITAL,CONSUMO CÍCLICO,COMÉRCIO,PRODUTOS DIVERSOS,BTOW3,00776574000156
213,CNTO,CENTAURO,CONSUMO CÍCLICO,COMÉRCIO,PRODUTOS DIVERSOS,CNTO3,13217485000111
214,LAME,LOJAS AMERIC,CONSUMO CÍCLICO,COMÉRCIO,PRODUTOS DIVERSOS,"LAME3, LAME4",33014556000196
215,SLED,SARAIVA LIVR,CONSUMO CÍCLICO,COMÉRCIO,PRODUTOS DIVERSOS,"SLED4, SLED3",60500139000126
216,BIOM,BIOMM,SAÚDE,MEDICAMENTOS E OUTROS PRODUTOS,MEDICAMENTOS E OUTROS PRODUTOS,BIOM3,04752991000110
217,GBIO,BIOTOSCANA,SAÚDE,MEDICAMENTOS E OUTROS PRODUTOS,MEDICAMENTOS E OUTROS PRODUTOS,GBIO33,19688956000156
218,NRTQ,NORTCQUIMICA,SAÚDE,MEDICAMENTOS E OUTROS PRODUTOS,MEDICAMENTOS E OUTROS PRODUTOS,NRTQ3,29950060000157
219,OFSA,OUROFINO S/A,SAÚDE,MEDICAMENTOS E OUTROS PRODUTOS,MEDICAMENTOS E OUTROS PRODUTOS,OFSA3,20258278000170
220,ADHM,ADVANCED-DH,SAÚDE,"SERVIÇOS MÉDICO - HOSPITALARES, ANÁLISES E DIAGNÓSTICOS","SERVIÇOS MÉDICO - HOSPITALARES, ANÁLISES E DIAGNÓSTICOS","ADHM1, ADHM3",10345009000198
221,AALR,ALLIAR,SAÚDE,"SERVIÇOS MÉDICO - HOSPITALARES, ANÁLISES E DIAGNÓSTICOS","SERVIÇOS MÉDICO - HOSPITALARES, ANÁLISES E DIAGNÓSTICOS",AALR3,42771949000135
222,DASA,DASA,SAÚDE,"SERVIÇOS MÉDICO - HOSPITALARES, ANÁLISES E DIAGNÓSTICOS","SERVIÇOS MÉDICO - HOSPITALARES, ANÁLISES E DIAGNÓSTICOS",DASA3,61486650000183
223,FLRY,FLEURY,SAÚDE,"SERVIÇOS MÉDICO - HOSPITALARES, ANÁLISES E DIAGNÓSTICOS","SERVIÇOS MÉDICO - HOSPITALARES, ANÁLISES E DIAGNÓSTICOS",FLRY3,60840055000131
224,HAPV,HAPVIDA,SAÚDE,"SERVIÇOS MÉDICO - HOSPITALARES, ANÁLISES E DIAGNÓSTICOS","SERVIÇOS MÉDICO - HOSPITALARES, ANÁLISES E DIAGNÓSTICOS",HAPV3,05197443000138
225,PARD,IHPARDINI,SAÚDE,"SERVIÇOS MÉDICO - HOSPITALARES, ANÁLISES E DIAGNÓSTICOS","SERVIÇOS MÉDICO - HOSPITALARES, ANÁLISES E DIAGNÓSTICOS",PARD3,19378769000176
226,GNDI,INTERMEDICA,SAÚDE,"SERVIÇOS MÉDICO - HOSPITALARES, ANÁLISES E DIAGNÓSTICOS","SERVIÇOS MÉDICO - HOSPITALARES, ANÁLISES E DIAGNÓSTICOS",GNDI3,19853511000184
227,ODPV,ODONTOPREV,SAÚDE,"SERVIÇOS MÉDICO - HOSPITALARES, ANÁLISES E DIAGNÓSTICOS","SERVIÇOS MÉDICO - HOSPITALARES, ANÁLISES E DIAGNÓSTICOS",ODPV3,58119199000151
228,QUAL,QUALICORP,SAÚDE,"SERVIÇOS MÉDICO - HOSPITALARES, ANÁLISES E DIAGNÓSTICOS","SERVIÇOS MÉDICO - HOSPITALARES, ANÁLISES E DIAGNÓSTICOS",QUAL3,11992680000193
229,BALM,BAUMER,SAÚDE,EQUIPAMENTOS,EQUIPAMENTOS,"BALM4, BALM3",61374161000130
230,LMED,LIFEMED,SAÚDE,EQUIPAMENTOS,EQUIPAMENTOS,LMED3,02357251000153
231,PNVL,DIMED,SAÚDE,COMÉRCIO E DISTRIBUIÇÃO,MEDICAMENTOS E OUTROS PRODUTOS,"PNVL4, PNVL3",92665611000177
232,HYPE,HYPERA,SAÚDE,COMÉRCIO E DISTRIBUIÇÃO,MEDICAMENTOS E OUTROS PRODUTOS,HYPE3,02932074000191
233,PFRM,PROFARMA,SAÚDE,COMÉRCIO E DISTRIBUIÇÃO,MEDICAMENTOS E OUTROS PRODUTOS,PFRM3,45453214000151
234,RADL,RAIADROGASIL,SAÚDE,COMÉRCIO E DISTRIBUIÇÃO,MEDICAMENTOS E OUTROS PRODUTOS,RADL3,61585865000151
235,POSI,POSITIVO TEC,TECNOLOGIA DA INFORMAÇÃO,COMPUTADORES E EQUIPAMENTOS,COMPUTADORES E EQUIPAMENTOS,POSI3,81243735000148
236,BRQB,BRQ,TECNOLOGIA DA INFORMAÇÃO,PROGRAMAS E SERVIÇOS,PROGRAMAS E SERVIÇOS,BRQB3,36542025000164
237,LINX,LINX,TECNOLOGIA DA INFORMAÇÃO,PROGRAMAS E SERVIÇOS,PROGRAMAS E SERVIÇOS,LINX3,06948969000175
238,LWSA,LOCAWEB,TECNOLOGIA DA INFORMAÇÃO,PROGRAMAS E SERVIÇOS,PROGRAMAS E SERVIÇOS,LWSA3,02351877000152
239,QUSW,QUALITY SOFT,TECNOLOGIA DA INFORMAÇÃO,PROGRAMAS E SERVIÇOS,PROGRAMAS E SERVIÇOS,QUSW3,35791391000194
240,SQIA,SINQIA,TECNOLOGIA DA INFORMAÇÃO,PROGRAMAS E SERVIÇOS,PROGRAMAS E SERVIÇOS,SQIA3,04065791000199
241,TOTS,TOTVS,TECNOLOGIA DA INFORMAÇÃO,PROGRAMAS E SERVIÇOS,PROGRAMAS E SERVIÇOS,TOTS3,53113791000122
242,ALGT,ALGAR TELEC,COMUNICAÇÕES,TELECOMUNICAÇÕES,TELECOMUNICAÇÕES,,
243,OIBR,OI,COMUNICAÇÕES,TELECOMUNICAÇÕES,TELECOMUNICAÇÕES,"OIBR4, OIBR3",76535764000143
244,TELB,TELEBRAS,COMUNICAÇÕES,TELECOMUNICAÇÕES,TELECOMUNICAÇÕES,"TELB4, TELB3",00336701000104
245,VIVT,TELEF BRASIL,COMUNICAÇÕES,TELECOMUNICAÇÕES,TELECOMUNICAÇÕES,"VIVT3, VIVT4",02558157000162
246,TIMP,TIM PART S/A,COMUNICAÇÕES,TELECOMUNICAÇÕES,TELECOMUNICAÇÕES,TIMP3,02558115000121
247,CNSY,CINESYSTEM,COMUNICAÇÕES,MÍDIA,PRODUÇÃO E DIFUSÃO DE FILMES E PROGRAMAS,CNSY3,07437016000105
248,AESL,AES SUL,UTILIDADE PÚBLICA,ENERGIA ELÉTRICA,ENERGIA ELÉTRICA,,
249,TIET,AES TIETE E,UTILIDADE PÚBLICA,ENERGIA ELÉTRICA,ENERGIA ELÉTRICA,"TIET11, TIET3, TIET4",04128563000110
250,AFLT,AFLUENTE T,UTILIDADE PÚBLICA,ENERGIA ELÉTRICA,ENERGIA ELÉTRICA,AFLT3,10338320000100
251,ALUP,ALUPAR,UTILIDADE PÚBLICA,ENERGIA ELÉTRICA,ENERGIA ELÉTRICA,"ALUP11, ALUP3, ALUP4",08364948000138
252,CBEE,AMPLA ENERG,UTILIDADE PÚBLICA,ENERGIA ELÉTRICA,ENERGIA ELÉTRICA,CBEE3,33050071000158
253,CPTE,CACHOEIRA,UTILIDADE PÚBLICA,ENERGIA ELÉTRICA,ENERGIA ELÉTRICA,,
254,CEBR,CEB,UTILIDADE PÚBLICA,ENERGIA ELÉTRICA,ENERGIA ELÉTRICA,"CEBR6, CEBR5, CEBR3",00070698000111
255,CEED,CEEE-D,UTILIDADE PÚBLICA,ENERGIA ELÉTRICA,ENERGIA ELÉTRICA,"CEED4, CEED3",08467115000100
256,EEEL,CEEE-GT,UTILIDADE PÚBLICA,ENERGIA ELÉTRICA,ENERGIA ELÉTRICA,"EEEL4, EEEL3",92715812000131
257,CLSC,CELESC,UTILIDADE PÚBLICA,ENERGIA ELÉTRICA,ENERGIA ELÉTRICA,"CLSC4, CLSC3",83878892000155
258,GPAR,CELGPAR,UTILIDADE PÚBLICA,ENERGIA ELÉTRICA,ENERGIA ELÉTRICA,GPAR3,08560444000193
259,CEPE,CELPE,UTILIDADE PÚBLICA,ENERGIA ELÉTRICA,ENERGIA ELÉTRICA,"CEPE5, CEPE3",10835932000108
260,CMIG,CEMIG,UTILIDADE PÚBLICA,ENERGIA ELÉTRICA,ENERGIA ELÉTRICA,"CMIG4, CMIG3",17155730000164
261,CMGD,CEMIG DIST,UTILIDADE PÚBLICA,ENERGIA ELÉTRICA,ENERGIA ELÉTRICA,,
262,CMGT,CEMIG GT,UTILIDADE PÚBLICA,ENERGIA ELÉTRICA,ENERGIA ELÉTRICA,,
263,CESP,CESP,UTILIDADE PÚBLICA,ENERGIA ELÉTRICA,ENERGIA ELÉTRICA,"CESP6, CESP5, CESP3",60933603000178
264,CEEB,COELBA,UTILIDADE PÚBLICA,ENERGIA ELÉTRICA,ENERGIA ELÉTRICA,"CEEB3, CEEB5, CEEB6",15139629000194
265,COCE,COELCE,UTILIDADE PÚBLICA,ENERGIA ELÉTRICA,ENERGIA ELÉTRICA,"COCE6, COCE5, COCE3",07047251000170
266,CPLE,COPEL,UTILIDADE PÚBLICA,ENERGIA ELÉTRICA,ENERGIA ELÉTRICA,"CPLE6, CPLE5, CPLE3",76483817000120
267,CSRN,COSERN,UTILIDADE PÚBLICA,ENERGIA ELÉTRICA,ENERGIA ELÉTRICA,"CSRN3, CSRN5, CSRN6",08324196000181
268,CPFE,CPFL ENERGIA,UTILIDADE PÚBLICA,ENERGIA ELÉTRICA,ENERGIA ELÉTRICA,CPFE3,02429144000193
269,CPFG,CPFL GERACAO,UTILIDADE PÚBLICA,ENERGIA ELÉTRICA,ENERGIA ELÉTRICA,,
270,CPFP,CPFL PIRATIN,UTILIDADE PÚBLICA,ENERGIA ELÉTRICA,ENERGIA ELÉTRICA,,
271,CPRE,CPFL RENOVAV,UTILIDADE PÚBLICA,ENERGIA ELÉTRICA,ENERGIA ELÉTRICA,CPRE3,08439659000150
272,EBEN,EBE,UTILIDADE PÚBLICA,ENERGIA ELÉTRICA,ENERGIA ELÉTRICA,,
273,EKTR,ELEKTRO,UTILIDADE PÚBLICA,ENERGIA ELÉTRICA,ENERGIA ELÉTRICA,"EKTR3, EKTR4",02328280000197
274,ELET,ELETROBRAS,UTILIDADE PÚBLICA,ENERGIA ELÉTRICA,ENERGIA ELÉTRICA,"ELET3, ELET5, ELET6",00001180000126
275,LIPR,ELETROPAR,UTILIDADE PÚBLICA,ENERGIA ELÉTRICA,ENERGIA ELÉTRICA,LIPR3,01104937000170
276,EMAE,EMAE,UTILIDADE PÚBLICA,ENERGIA ELÉTRICA,ENERGIA ELÉTRICA,"EMAE3, EMAE4",02302101000142
277,ENBR,ENERGIAS BR,UTILIDADE PÚBLICA,ENERGIA ELÉTRICA,ENERGIA ELÉTRICA,ENBR3,03983431000103
278,ENGI,ENERGISA,UTILIDADE PÚBLICA,ENERGIA ELÉTRICA,ENERGIA ELÉTRICA,"ENGI11, ENGI3, ENGI4",00864214000106
279,ENMT,ENERGISA MT,UTILIDADE PÚBLICA,ENERGIA ELÉTRICA,ENERGIA ELÉTRICA,"ENMT3, ENMT4",03467321000199
280,ENER,ENERSUL,UTILIDADE PÚBLICA,ENERGIA ELÉTRICA,ENERGIA ELÉTRICA,,
281,ENEV,ENEVA,UTILIDADE PÚBLICA,ENERGIA ELÉTRICA,ENERGIA ELÉTRICA,ENEV3,04423567000121
282,EGIE,ENGIE BRASIL,UTILIDADE PÚBLICA,ENERGIA ELÉTRICA,ENERGIA ELÉTRICA,EGIE3,02474103000119
283,EQPA,EQTL PARA,UTILIDADE PÚBLICA,ENERGIA ELÉTRICA,ENERGIA ELÉTRICA,"EQPA3, EQPA5, EQPA6, EQPA7",04895728000180
284,EQMA,EQTLMARANHAO,UTILIDADE PÚBLICA,ENERGIA ELÉTRICA,ENERGIA ELÉTRICA,,
285,EQTL,EQUATORIAL,UTILIDADE PÚBLICA,ENERGIA ELÉTRICA,ENERGIA ELÉTRICA,EQTL3,03220438000173
286,ESCE,ESCELSA,UTILIDADE PÚBLICA,ENERGIA ELÉTRICA,ENERGIA ELÉTRICA,,
287,FGEN,FGENERGIA,UTILIDADE PÚBLICA,ENERGIA ELÉTRICA,ENERGIA ELÉTRICA,,
288,GEPA,GER PARANAP,UTILIDADE PÚBLICA,ENERGIA ELÉTRICA,ENERGIA ELÉTRICA,"GEPA3, GEPA4",02998301000181
289,ITPB,ITAPEBI,UTILIDADE PÚBLICA,ENERGIA ELÉTRICA,ENERGIA ELÉTRICA,,
290,LIGH,LIGHT,UTILIDADE PÚBLICA,ENERGIA ELÉTRICA,ENERGIA ELÉTRICA,,
291,LIGT,LIGHT S/A,UTILIDADE PÚBLICA,ENERGIA ELÉTRICA,ENERGIA ELÉTRICA,LIGT3,03378521000175
292,NEOE,NEOENERGIA,UTILIDADE PÚBLICA,ENERGIA ELÉTRICA,ENERGIA ELÉTRICA,NEOE3,01083200000118
293,OMGE,OMEGA GER,UTILIDADE PÚBLICA,ENERGIA ELÉTRICA,ENERGIA ELÉTRICA,OMGE3,09149503000106
294,PALF,PAUL F LUZ,UTILIDADE PÚBLICA,ENERGIA ELÉTRICA,ENERGIA ELÉTRICA,,
295,PRMN,PROMAN,UTILIDADE PÚBLICA,ENERGIA ELÉTRICA,ENERGIA ELÉTRICA,PRMN3B,02291077000193
296,REDE,REDE ENERGIA,UTILIDADE PÚBLICA,ENERGIA ELÉTRICA,ENERGIA ELÉTRICA,REDE3,61584140000149
297,RNEW,RENOVA,UTILIDADE PÚBLICA,ENERGIA ELÉTRICA,ENERGIA ELÉTRICA,"RNEW11, RNEW4, RNEW3",08534605000174
298,STKF,STATKRAFT,UTILIDADE PÚBLICA,ENERGIA ELÉTRICA,ENERGIA ELÉTRICA,STKF3,00622416000141
299,STEN,STO ANTONIO,UTILIDADE PÚBLICA,ENERGIA ELÉTRICA,ENERGIA ELÉTRICA,,
300,TAEE,TAESA,UTILIDADE PÚBLICA,ENERGIA ELÉTRICA,ENERGIA ELÉTRICA,"TAEE11, TAEE3, TAEE4",07859971000130
301,TMPE,TERMOPE,UTILIDADE PÚBLICA,ENERGIA ELÉTRICA,ENERGIA ELÉTRICA,,
302,TEPE,TERM. PE III,UTILIDADE PÚBLICA,ENERGIA ELÉTRICA,ENERGIA ELÉTRICA,,
303,TRPL,TRAN PAULIST,UTILIDADE PÚBLICA,ENERGIA ELÉTRICA,ENERGIA ELÉTRICA,"TRPL3, TRPL4",02998611000104
304,UPKP,UPTICK,UTILIDADE PÚBLICA,ENERGIA ELÉTRICA,ENERGIA ELÉTRICA,UPKP3B,02162616000194
305,CASN,CASAN,UTILIDADE PÚBLICA,ÁGUA E SANEAMENTO,ÁGUA E SANEAMENTO,"CASN4, CASN3",82508433000117
306,CSMG,COPASA,UTILIDADE PÚBLICA,ÁGUA E SANEAMENTO,ÁGUA E SANEAMENTO,CSMG3,17281106000103
307,IGSN,IGUA SA,UTILIDADE PÚBLICA,ÁGUA E SANEAMENTO,ÁGUA E SANEAMENTO,IGSN3,08159965000133
308,SBSP,SABESP,UTILIDADE PÚBLICA,ÁGUA E SANEAMENTO,ÁGUA E SANEAMENTO,SBSP3,43776517000180
309,SAPR,SANEPAR,UTILIDADE PÚBLICA,ÁGUA E SANEAMENTO,ÁGUA E SANEAMENTO,"SAPR4, SAPR3, SAPR11",76484013000145
310,SNST,SANESALTO,UTILIDADE PÚBLICA,ÁGUA E SANEAMENTO,ÁGUA E SANEAMENTO,,
311,CEGR,CEG,UTILIDADE PÚBLICA,GÁS,GÁS,CEGR3,33938119000169
312,CGAS,COMGAS,UTILIDADE PÚBLICA,GÁS,GÁS,"CGAS3, CGAS5",61856571000117
313,ABCB,ABC BRASIL,FINANCEIRO,INTERMEDIÁRIOS FINANCEIROS,BANCOS,ABCB4,28195667000106
314,RPAD,ALFA HOLDING,FINANCEIRO,INTERMEDIÁRIOS FINANCEIROS,BANCOS,"RPAD3, RPAD5, RPAD6",17167396000169
315,BRIV,ALFA INVEST,FINANCEIRO,INTERMEDIÁRIOS FINANCEIROS,BANCOS,"BRIV3, BRIV4",60770336000165
316,BAZA,AMAZONIA,FINANCEIRO,INTERMEDIÁRIOS FINANCEIROS,BANCOS,BAZA3,04902979000144
317,BMGB,BANCO BMG,FINANCEIRO,INTERMEDIÁRIOS FINANCEIROS,BANCOS,BMGB4,61186680000174
318,BIDI,BANCO INTER,FINANCEIRO,INTERMEDIÁRIOS FINANCEIROS,BANCOS,"BIDI3, BIDI11, BIDI4",00416968000101
319,BPAN,BANCO PAN,FINANCEIRO,INTERMEDIÁRIOS FINANCEIROS,BANCOS,BPAN4,59285411000113
320,BGIP,BANESE,FINANCEIRO,INTERMEDIÁRIOS FINANCEIROS,BANCOS,"BGIP3, BGIP4",13009717000146
321,BEES,BANESTES,FINANCEIRO,INTERMEDIÁRIOS FINANCEIROS,BANCOS,"BEES3, BEES4",28127603000178
322,BPAR,BANPARA,FINANCEIRO,INTERMEDIÁRIOS FINANCEIROS,BANCOS,BPAR3,04913711000108
323,BRSR,BANRISUL,FINANCEIRO,INTERMEDIÁRIOS FINANCEIROS,BANCOS,"BRSR6, BRSR5, BRSR3",92702067000196
324,BBDC,BRADESCO,FINANCEIRO,INTERMEDIÁRIOS FINANCEIROS,BANCOS,"BBDC4, BBDC3",60746948000112
325,BBAS,BRASIL,FINANCEIRO,INTERMEDIÁRIOS FINANCEIROS,BANCOS,"BBAS11, BBAS12, BBAS3",00000000000191
326,BSLI,BRB BANCO,FINANCEIRO,INTERMEDIÁRIOS FINANCEIROS,BANCOS,"BSLI4, BSLI3",00000208000100
327,BPAC,BTGP BANCO,FINANCEIRO,INTERMEDIÁRIOS FINANCEIROS,BANCOS,"BPAC11, BPAC3, BPAC5",30306294000145
328,IDVL,INDUSVAL,FINANCEIRO,INTERMEDIÁRIOS FINANCEIROS,BANCOS,"IDVL3, IDVL4",61024352000171
329,ITSA,ITAUSA,FINANCEIRO,INTERMEDIÁRIOS FINANCEIROS,BANCOS,"ITSA3, ITSA4",61532644000115
330,ITUB,ITAUUNIBANCO,FINANCEIRO,INTERMEDIÁRIOS FINANCEIROS,BANCOS,"ITUB3, ITUB4",60872504000123
331,BMEB,MERC BRASIL,FINANCEIRO,INTERMEDIÁRIOS FINANCEIROS,BANCOS,"BMEB3, BMEB4",17184037000110
332,BMIN,MERC INVEST,FINANCEIRO,INTERMEDIÁRIOS FINANCEIROS,BANCOS,"BMIN3, BMIN4",34169557000172
333,BNBR,NORD BRASIL,FINANCEIRO,INTERMEDIÁRIOS FINANCEIROS,BANCOS,BNBR3,07237373000120
334,PRBC,PARANA,FINANCEIRO,INTERMEDIÁRIOS FINANCEIROS,BANCOS,,
335,PINE,PINE,FINANCEIRO,INTERMEDIÁRIOS FINANCEIROS,BANCOS,"PINE3, PINE4",62144175000120
336,SANB,SANTANDER BR,FINANCEIRO,INTERMEDIÁRIOS FINANCEIROS,BANCOS,"SANB4, SANB3, SANB11",90400888000142
337,CRIV,ALFA FINANC,FINANCEIRO,INTERMEDIÁRIOS FINANCEIROS,SOC. CRÉDITO E FINANCIAMENTO,"CRIV3, CRIV4",17167412000113
338,FNCN,FINANSINOS,FINANCEIRO,INTERMEDIÁRIOS FINANCEIROS,SOC. CRÉDITO E FINANCIAMENTO,FNCN3,91669747000192
339,MERC,MERC FINANC,FINANCEIRO,INTERMEDIÁRIOS FINANCEIROS,SOC. CRÉDITO E FINANCIAMENTO,"MERC3, MERC4",33040601000187
340,BDLS,BRADESCO LSG,FINANCEIRO,INTERMEDIÁRIOS FINANCEIROS,SOC. ARRENDAMENTO MERCANTIL,,
341,BVLS,BV LEASING,FINANCEIRO,INTERMEDIÁRIOS FINANCEIROS,SOC. ARRENDAMENTO MERCANTIL,,
342,DBEN,DIBENS LSG,FINANCEIRO,INTERMEDIÁRIOS FINANCEIROS,SOC. ARRENDAMENTO MERCANTIL,,
343,BZRS,BRAZIL REALT,FINANCEIRO,SECURITIZADORAS DE RECEBÍVEIS,SECURITIZADORAS DE RECEBÍVEIS,,
344,BSCS,BRAZILIAN SC,FINANCEIRO,SECURITIZADORAS DE RECEBÍVEIS,SECURITIZADORAS DE RECEBÍVEIS,,
345,BRCS,BRC SECURIT,FINANCEIRO,SECURITIZADORAS DE RECEBÍVEIS,SECURITIZADORAS DE RECEBÍVEIS,,
346,WTVR,BRPR 56 SEC,FINANCEIRO,SECURITIZADORAS DE RECEBÍVEIS,SECURITIZADORAS DE RECEBÍVEIS,,
347,CBSC,CIBRASEC,FINANCEIRO,SECURITIZADORAS DE RECEBÍVEIS,SECURITIZADORAS DE RECEBÍVEIS,,
348,ECOA,ECO SEC AGRO,FINANCEIRO,SECURITIZADORAS DE RECEBÍVEIS,SECURITIZADORAS DE RECEBÍVEIS,,
349,GAFL,GAIA AGRO,FINANCEIRO,SECURITIZADORAS DE RECEBÍVEIS,SECURITIZADORAS DE RECEBÍVEIS,GAFL-CRA02B0,14876090000193
350,GAIA,GAIA SECURIT,FINANCEIRO,SECURITIZADORAS DE RECEBÍVEIS,SECURITIZADORAS DE RECEBÍVEIS,,
351,OCTS,OCTANTE SEC,FINANCEIRO,SECURITIZADORAS DE RECEBÍVEIS,SECURITIZADORAS DE RECEBÍVEIS,,
352,PDGS,PDG SECURIT,FINANCEIRO,SECURITIZADORAS DE RECEBÍVEIS,SECURITIZADORAS DE RECEBÍVEIS,,
353,PLSC,POLO CAP SEC,FINANCEIRO,SECURITIZADORAS DE RECEBÍVEIS,SECURITIZADORAS DE RECEBÍVEIS,,
354,RBRA,RBCAPITALRES,FINANCEIRO,SECURITIZADORAS DE RECEBÍVEIS,SECURITIZADORAS DE RECEBÍVEIS,,
355,APCS,TRUESEC,FINANCEIRO,SECURITIZADORAS DE RECEBÍVEIS,SECURITIZADORAS DE RECEBÍVEIS,APCS-CRI05B0,12130744000100
356,VERT,VERTCIASEC,FINANCEIRO,SECURITIZADORAS DE RECEBÍVEIS,SECURITIZADORAS DE RECEBÍVEIS,,
357,WTPI,WTORRE PIC,FINANCEIRO,SECURITIZADORAS DE RECEBÍVEIS,SECURITIZADORAS DE RECEBÍVEIS,,
358,BNDP,BNDESPAR,FINANCEIRO,SERVIÇOS FINANCEIROS DIVERSOS,GESTÃO DE RECURSOS E INVESTIMENTOS,,
359,BFRE,BRAZILIAN FR,FINANCEIRO,SERVIÇOS FINANCEIROS DIVERSOS,GESTÃO DE RECURSOS E INVESTIMENTOS,,
360,GPIV,GP INVEST,FINANCEIRO,SERVIÇOS FINANCEIROS DIVERSOS,GESTÃO DE RECURSOS E INVESTIMENTOS,GPIV33,07857850000150
361,IDNT,IDEIASNET,FINANCEIRO,SERVIÇOS FINANCEIROS DIVERSOS,GESTÃO DE RECURSOS E INVESTIMENTOS,IDNT3,02365069000144
362,PPLA,PPLA,FINANCEIRO,SERVIÇOS FINANCEIROS DIVERSOS,GESTÃO DE RECURSOS E INVESTIMENTOS,PPLA11,15073274000188
363,B3SA,B3,FINANCEIRO,SERVIÇOS FINANCEIROS DIVERSOS,SERVIÇOS FINANCEIROS DIVERSOS,B3SA3,09346601000125
364,CIEL,CIELO,FINANCEIRO,SERVIÇOS FINANCEIROS DIVERSOS,SERVIÇOS FINANCEIROS DIVERSOS,CIEL3,01027058000191
365,BRGE,ALFA CONSORC,FINANCEIRO,PREVIDÊNCIA E SEGUROS,SEGURADORAS,"BRGE11, BRGE12, BRGE3, BRGE5, BRGE6, BRGE7, BRGE8",17193806000146
366,BBSE,BBSEGURIDADE,FINANCEIRO,PREVIDÊNCIA E SEGUROS,SEGURADORAS,BBSE3,17344597000194
367,IRBR,IRBBRASIL RE,FINANCEIRO,PREVIDÊNCIA E SEGUROS,SEGURADORAS,IRBR3,33376989000191
368,PSSA,PORTO SEGURO,FINANCEIRO,PREVIDÊNCIA E SEGUROS,SEGURADORAS,PSSA3,02149205000169
369,CSAB,SEG AL BAHIA,FINANCEIRO,PREVIDÊNCIA E SEGUROS,SEGURADORAS,"CSAB3, CSAB4",15144017000190
370,SULA,SUL AMERICA,FINANCEIRO,PREVIDÊNCIA E SEGUROS,SEGURADORAS,"SULA11, SULA3, SULA4",29978814000187
371,APER,ALPER S.A.,FINANCEIRO,PREVIDÊNCIA E SEGUROS,CORRETORAS DE SEGUROS,APER3,11721921000160
372,WIZS,WIZ S.A.,FINANCEIRO,PREVIDÊNCIA E SEGUROS,CORRETORAS DE SEGUROS,WIZS3,42278473000103
373,ALSO,ALIANSCSONAE,FINANCEIRO,EXPLORAÇÃO DE IMÓVEIS,EXPLORAÇÃO DE IMÓVEIS,ALSO3,05878397000132
374,BRML,BR MALLS PAR,FINANCEIRO,EXPLORAÇÃO DE IMÓVEIS,EXPLORAÇÃO DE IMÓVEIS,BRML3,06977745000191
375,BRPR,BR PROPERT,FINANCEIRO,EXPLORAÇÃO DE IMÓVEIS,EXPLORAÇÃO DE IMÓVEIS,BRPR3,06977751000149
376,CORR,COR RIBEIRO,FINANCEIRO,EXPLORAÇÃO DE IMÓVEIS,EXPLORAÇÃO DE IMÓVEIS,"CORR3, CORR4",15101405000193
377,CCPR,CYRE COM-CCP,FINANCEIRO,EXPLORAÇÃO DE IMÓVEIS,EXPLORAÇÃO DE IMÓVEIS,CCPR3,08801621000186
378,GSHP,GENERALSHOPP,FINANCEIRO,EXPLORAÇÃO DE IMÓVEIS,EXPLORAÇÃO DE IMÓVEIS,GSHP3,08764621000153
379,HBTS,HABITASUL,FINANCEIRO,EXPLORAÇÃO DE IMÓVEIS,EXPLORAÇÃO DE IMÓVEIS,"HBTS3, HBTS5, HBTS6",87762563000103
380,IGBR,IGB S/A,FINANCEIRO,EXPLORAÇÃO DE IMÓVEIS,EXPLORAÇÃO DE IMÓVEIS,IGBR3,43185362000107
381,IGTA,IGUATEMI,FINANCEIRO,EXPLORAÇÃO DE IMÓVEIS,EXPLORAÇÃO DE IMÓVEIS,IGTA3,51218147000193
382,JPSA,JEREISSATI,FINANCEIRO,EXPLORAÇÃO DE IMÓVEIS,EXPLORAÇÃO DE IMÓVEIS,JPSA3,60543816000193
383,LOGG,LOG COM PROP,FINANCEIRO,EXPLORAÇÃO DE IMÓVEIS,EXPLORAÇÃO DE IMÓVEIS,LOGG3,09041168000110
384,MNZC,MENEZES CORT,FINANCEIRO,EXPLORAÇÃO DE IMÓVEIS,EXPLORAÇÃO DE IMÓVEIS,MNZC3B,02664042000152
385,MULT,MULTIPLAN,FINANCEIRO,EXPLORAÇÃO DE IMÓVEIS,EXPLORAÇÃO DE IMÓVEIS,MULT3,07816890000153
386,SCAR,SAO CARLOS,FINANCEIRO,EXPLORAÇÃO DE IMÓVEIS,EXPLORAÇÃO DE IMÓVEIS,SCAR3,29780061000109
387,BBRK,BR BROKERS,FINANCEIRO,EXPLORAÇÃO DE IMÓVEIS,INTERMEDIAÇÃO IMOBILIÁRIA,BBRK3,08613550000198
388,LPSB,LOPES BRASIL,FINANCEIRO,EXPLORAÇÃO DE IMÓVEIS,INTERMEDIAÇÃO IMOBILIÁRIA,LPSB3,08078847000109
389,MOAR,MONT ARANHA,FINANCEIRO,HOLDINGS DIVERSIFICADAS,HOLDINGS DIVERSIFICADAS,MOAR3,33102476000192
390,PEAB,PAR AL BAHIA,FINANCEIRO,HOLDINGS DIVERSIFICADAS,HOLDINGS DIVERSIFICADAS,"PEAB3, PEAB4",01938783000111
391,SPRI,SPRINGER,FINANCEIRO,HOLDINGS DIVERSIFICADAS,HOLDINGS DIVERSIFICADAS,"SPRI3, SPRI5, SPRI6",92929520000100
392,CTBA,CEPAC - CTBA,FINANCEIRO,OUTROS TÍTULOS,OUTROS TÍTULOS,,
393,MCRJ,CEPAC - MCRJ,FINANCEIRO,OUTROS TÍTULOS,OUTROS TÍTULOS,,
394,PMSP,CEPAC - PMSP,FINANCEIRO,OUTROS TÍTULOS,OUTROS TÍTULOS,,
395,QVQP,524 PARTICIP,OUTROS,OUTROS,OUTROS,QVQP3B,01851771000155
396,ALEF,ALEF S/A,OUTROS,OUTROS,OUTROS,ALEF3B,02217319000107
397,ATOM,ATOMPAR,OUTROS,OUTROS,OUTROS,ATOM3,00359742000108
398,BETP,BETAPART,OUTROS,OUTROS,OUTROS,BETP3B,02762124000130
399,CABI,CABINDA PART,OUTROS,OUTROS,OUTROS,CABI3B,04030182000102
400,CACO,CACONDE PART,OUTROS,OUTROS,OUTROS,CACO3B,04031213000131
401,CPTP,CAPITALPART,OUTROS,OUTROS,OUTROS,,
402,MAPT,CEMEPE,OUTROS,OUTROS,OUTROS,"MAPT4, MAPT3",93828986000173
403,CMSA,CIMS,OUTROS,OUTROS,OUTROS,"CMSA3, CMSA4",00272185000193
404,OPGM,GAMA PART,OUTROS,OUTROS,OUTROS,OPGM3B,02796775000140
405,FIGE,INVEST BEMGE,OUTROS,OUTROS,OUTROS,"FIGE3, FIGE4",01548981000179
406,JBDU,J B DUARTE,OUTROS,OUTROS,OUTROS,"JBDU3, JBDU4",60637238000154
407,SPRT,LONGDIS,OUTROS,OUTROS,OUTROS,,
408,MGIP,MGI PARTICIP,OUTROS,OUTROS,OUTROS,,
409,OPHE,OPPORT ENERG,OUTROS,OUTROS,OUTROS,OPHE3B,02318346000168
410,PPAR,POLPAR,OUTROS,OUTROS,OUTROS,PPAR3,59789545000171
411,PRPT,PROMPT PART,OUTROS,OUTROS,OUTROS,PRPT3B,02992449000109
412,SLCT,SELECTPART,OUTROS,OUTROS,OUTROS,SLCT3B,02604860000160
413,OPSE,SUDESTE S/A,OUTROS,OUTROS,OUTROS,OPSE3B,02062747000108
414,OPTS,SUL 116 PART,OUTROS,OUTROS,OUTROS,OPTS3B,01957772000189
415,RRRP,3R PETROLEUM,PETRÓLEO. GÁS E BIOCOMBUSTÍVEIS,PETRÓLEO. GÁS E BIOCOMBUSTÍVEIS,EXPLORAÇÃO. REFINO E DISTRIBUIÇÃO,RRRP3,12091809000155
416,AERI,AERIS,BENS INDUSTRIAIS,MÁQUINAS E EQUIPAMENTOS,MÁQ. E EQUIP. INDUSTRIAIS,AERI3,12528708000107
417,ALLD,ALLIED,CONSUMO CÍCLICO,COMÉRCIO,ELETRODOMÉSTICOS,ALLD3,20247322000147
418,ALPK,ESTAPAR,BENS INDUSTRIAIS,SERVIÇOS,SERVIÇOS DIVERSOS,ALPK3,60537263000166
419,AVLL,ALPHAVILLE,CONSUMO CÍCLICO,CONSTRUÇÃO CIVIL,INCORPORAÇÕES,AVLL3,16811931000100
420,AMBP,AMBIPAR,UTILIDADE PÚBLICA,ÁGUA E SANEAMENTO,ÁGUA E SANEAMENTO,AMBP3,12648266000124
421,AURA,AURA 360,MATERIAIS BÁSICOS,MINERAÇÃO,MINERAIS METÁLICOS,AURA33,07857093000114
422,BOAS,BOA VISTA,FINANCEIRO,SERVIÇOS FINANCEIROS DIVERSOS,SERVIÇOS FINANCEIROS DIVERSOS,BOAS3,11725176000127
423,CURY,CURY S/A,CONSUMO CÍCLICO,CONSTRUÇÃO CIVIL,INCORPORAÇÕES,CURY3,08797760000183
424,DMVF,D1000VFARMA,SAÚDE,COMÉRCIO E DISTRIBUIÇÃO,MEDICAMENTOS E OUTROS PRODUTOS,DMVF3,12108897000150
425,ENJU,ENJOEI,TECNOLOGIA DA INFORMAÇÃO,PROGRAMAS E SERVIÇOS,PROGRAMAS E SERVIÇOS,ENJU3,16922038000151
426,SOMA,GRUPO SOMA,CONSUMO CÍCLICO,COMÉRCIO,"TECIDOS, VESTUÁRIO E CALÇADOS",SOMA3,10285590000108
427,GMAT,GRUPO MATEUS,CONSUMO NÃO CÍCLICO,COMÉRCIO E DISTRIBUIÇÃO,ALIMENTOS,GMAT3,24990777000109
428,HBRE,HBR REALTY,FINANCEIRO,EXPLORAÇÃO DE IMÓVEIS,EXPLORAÇÃO DE IMÓVEIS,HBRE3,14785152000151
429,LAVV,LAVVI,CONSUMO CÍCLICO,CONSTRUÇÃO CIVIL,INCORPORAÇÕES,LAVV3,26462693000128
430,LJQQ,QUERO-QUERO,CONSUMO CÍCLICO,COMÉRCIO,PRODUTOS DIVERSOS,LJQQ3,96418264021802
431,CASH,MELIUZ,TECNOLOGIA DA INFORMAÇÃO,PROGRAMAS E SERVIÇOS,PROGRAMAS E SERVIÇOS,CASH3,14110585000107
432,MELK,MELNICK,CONSUMO CÍCLICO,CONSTRUÇÃO CIVIL,INCORPORAÇÕES,MELK3,12181987000177
433,NGRD,NEOGRID,TECNOLOGIA DA INFORMAÇÃO,PROGRAMAS E SERVIÇOS,PROGRAMAS E SERVIÇOS,NGRD3,10139870000108
434,PETZ,PETZ,CONSUMO CÍCLICO,COMÉRCIO,PRODUTOS DIVERSOS,PETZ3,18328118000109
435,PLPL,PLANOEPLANO,CONSUMO CÍCLICO,CONSTRUÇÃO CIVIL,INCORPORAÇÕES,PLPL3,24230275000180
436,RDOR,REDE D OR,SAÚDE,"SERVIÇOS MÉDICO - HOSPITALARES, ANÁLISES E DIAGNÓSTICOS","SERVIÇOS MÉDICO - HOSPITALARES, ANÁLISES E DIAGNÓSTICOS",RDOR3,06047087000139
437,ASAI,ASSAI,CONSUMO NÃO CÍCLICO,COMÉRCIO E DISTRIBUIÇÃO,ALIMENTOS,ASAI3,06057223000171
438,SEQL,SEQUOIA LOG,BENS INDUSTRIAIS,SERVIÇOS,SERVIÇOS DIVERSOS,SEQL3,01599101000193
439,SIMH,SIMPAR,FINANCEIRO,HOLDINGS DIVERSIFICADAS,HOLDINGS DIVERSIFICADAS,SIMH3,07415333000120
440,TIMS,TIM,COMUNICAÇÕES,TELECOMUNICAÇÕES,TELECOMUNICAÇÕES,TIMS3,02421421000111
441,TFCO,TRACK FIELD,CONSUMO CÍCLICO,"TECIDOS, VESTUÁRIO E CALÇADOS",VESTUÁRIO,TFCO4,59418806000147
442,CSED,CRUZEIRO EDU,CONSUMO CÍCLICO,DIVERSOS,SERVIÇOS EDUCACIONAIS,CSED3,62984091000102
443,CMIN,CSNMINERACAO,MATERIAIS BÁSICOS,MINERAÇÃO,MINERAIS METÁLICOS,CMIN3,08902291000115
444,DESK,DESKTOP,COMUNICAÇÕES,TELECOMUNICAÇÕES,TELECOMUNICAÇÕES,DESK3,08170849000115
445,DOTZ,DOTZ SA,CONSUMO CÍCLICO,DIVERSOS,PROGRAMAS DE FIDELIZAÇÃO,DOTZ3,18174270000184
446,ELMD,ELETROMIDIA,COMUNICAÇÕES,MÍDIA,PUBLICIDADE E PROPAGANDA,ELMD3,09347516000181
447,POWE,FOCUS ON,UTILIDADE PÚBLICA,ENERGIA ELÉTRICA,ENERGIA ELÉTRICA,POWE3,26735020000102
448,G2DI,G2D INVEST,FINANCEIRO,SERVIÇOS FINANCEIROS DIVERSOS,GESTÃO DE RECURSOS E INVESTIMENTOS,G2DI33,38307135000177
449,NINJ,GETNINJAS,TECNOLOGIA DA INFORMAÇÃO,PROGRAMAS E SERVIÇOS,PROGRAMAS E SERVIÇOS,NINJ3,14127813000151
450,GGPS,GPS,BENS INDUSTRIAIS,SERVIÇOS,SERVIÇOS DIVERSOS,GGPS3,09229201000130
451,MATD,MATER DEI,SAÚDE,"SERVIÇOS MÉDICO - HOSPITALARES, ANÁLISES E DIAGNÓSTICOS","SERVIÇOS MÉDICO - HOSPITALARES, ANÁLISES E DIAGNÓSTICOS",MATD3,16676520000159
452,AESB,AES BRASIL,UTILIDADE PÚBLICA,ENERGIA ELÉTRICA,ENERGIA ELÉTRICA,AESB3,37663076000107
453,AGXY,AGROGALAXY,CONSUMO NÃO CÍCLICO,AGROPECUÁRIA,AGRICULTURA,AGXY3,21240146000184
454,ARML,ARMAC,CONSUMO CÍCLICO,DIVERSOS,ALUGUEL DE CARROS,ARML3,00242184000104
455,MODL,MODALMAIS,FINANCEIRO,INTERMEDIÁRIOS FINANCEIROS,BANCOS,"MODL3, MODL4, MODL11",30723886000162
456,BMOB,BEMOBI TECH,TECNOLOGIA DA INFORMAÇÃO,PROGRAMAS E SERVIÇOS,PROGRAMAS E SERVIÇOS,BMOB3,09042817000105
457,SOJA,BOA SAFRA,CONSUMO CÍCLICO,AGROPECUÁRIA,AGRICULTURA,SOJA3,10807374000177
458,BRBI,BR PARTNERS,FINANCEIRO,INTERMEDIÁRIOS FINANCEIROS,BANCOS,BRBI11,10739356000103
459,BRIT,BRISANET,COMUNICAÇÕES,TELECOMUNICAÇÕES,TELECOMUNICAÇÕES,BRIT3,19796586000170
460,CLSA,CLEARSALE,FINANCEIRO,SERVIÇOS FINANCEIROS DIVERSOS,SERVIÇOS FINANCEIROS DIVERSOS,CLSA3,03802115000198
461,CBAV,CBA,MATERIAIS BÁSICOS,MINERAÇÃO,MINERAIS METÁLICOS,CBAV3,61409892000173
462,GRAO,AGRIBRASIL,CONSUMO NÃO CÍCLICO,AGROPECUÁRIA,AGRICULTURA,GRAO3,18483666000103
463,IFCM,INFRACOMM,TECNOLOGIA DA INFORMAÇÃO,PROGRAMAS E SERVIÇOS,PROGRAMAS E SERVIÇOS,IFCM3,38456921000136
464,INTB,INTELBRAS,TECNOLOGIA DA INFORMAÇÃO,COMPUTADORES E EQUIPAMENTOS,COMPUTADORES E EQUIPAMENTOS,INTB3,82901000000127
465,JALL,JALLESMACHAD,CONSUMO NÃO CÍCLICO,ALIMENTOS PROCESSADOS,AÇUCAR E ALCOOL,JALL3,02635522000195
466,KLAS,KALLAS,CONSUMO CÍCLICO,CONSTRUÇÃO CIVIL,INCORPORAÇÕES,KLAS3,09146451000106
467,KRSA,KORA SAUDE,SAÚDE,"SERVIÇOS MÉDICO - HOSPITALARES, ANÁLISES E DIAGNÓSTICOS","SERVIÇOS MÉDICO - HOSPITALARES, ANÁLISES E DIAGNÓSTICOS",KRSA3,13270520000166
468,LVTC,WDC NETWORKS,TECNOLOGIA DA INFORMAÇÃO,PROGRAMAS E SERVIÇOS,PROGRAMAS E SERVIÇOS,LVTC3,05917486000140
469,LLBI,LE BISCUIT,CONSUMO CÍCLICO,COMÉRCIO,PRODUTOS DIVERSOS,"LLBI3, LLBI4",16233389000155
470,MBLY,MOBLY,TECNOLOGIA DA INFORMAÇÃO,PROGRAMAS E SERVIÇOS,PROGRAMAS E SERVIÇOS,MBLY3,31553627000101
471,MOSI,MOSAICO,TECNOLOGIA DA INFORMAÇÃO,PROGRAMAS E SERVIÇOS,PROGRAMAS E SERVIÇOS,MOSI3,09083175000184
472,ESPA,ESPACOLASER,CONSUMO CÍCLICO,COMÉRCIO,PRODUTOS DIVERSOS,ESPA3,26659061000159
473,MLAS,MULTILASER,TECNOLOGIA DA INFORMAÇÃO,COMPUTADORES E EQUIPAMENTOS,COMPUTADORES E EQUIPAMENTOS,MLAS3,59717553000102
474,OPCT,OCEANPACT,"PETRÓLEO, GÁS E BIOCOMBUSTÍVEIS","PETRÓLEO, GÁS E BIOCOMBUSTÍVEIS",EQUIPAMENTOS E SERVIÇOS,OPCT3,09114805000130
475,ONCO,ONCOCLINICAS,SAÚDE,"SERVIÇOS MÉDICO - HOSPITALARES, ANÁLISES E DIAGNÓSTICOS","SERVIÇOS MÉDICO - HOSPITALARES, ANÁLISES E DIAGNÓSTICOS",ONCO3,12104241000402
476,ORVR,ORIZON,UTILIDADE PÚBLICA,ÁGUA E SANEAMENTO,ÁGUA E SANEAMENTO,ORVR3,11421994000136
477,RECV,PETRORECSA,"PETRÓLEO, GÁS E BIOCOMBUSTÍVEIS","PETRÓLEO, GÁS E BIOCOMBUSTÍVEIS","EXPLORAÇÃO, REFINO E DISTRIBUIÇÃO",RECV3,03342704000130
478,RAIZ,RAIZEN,CONSUMO NÃO CÍCLICO,AGROPECUÁRIA,AGRICULTURA,RAIZ4,33453598000123
479,RBNS,RODOBENS,BENS INDUSTRIAIS,COMÉRCIO,MATERIAL DE TRANSPORTE,RBNS11,59981829000165
480,TRAD,TC,TECNOLOGIA DA INFORMAÇÃO,PROGRAMAS E SERVIÇOS,PROGRAMAS E SERVIÇOS,TRAD3,26345998000150
481,TEGA,TEGRA INCORP,CONSUMO CÍCLICO,CONSTRUÇÃO CIVIL,INCORPORAÇÕES,TEGA3,30213493000109
482,LAND,TERRASANTAPA,CONSUMO NÃO CÍCLICO,AGROPECUÁRIA,AGRICULTURA,LAND3,40337136000106
483,TTEN,3TENTOS,CONSUMO NÃO CÍCLICO,AGROPECUÁRIA,AGRICULTURA,TTEN3,94813102000170
484,FIQE,UNIFIQUE,COMUNICAÇÕES,TELECOMUNICAÇÕES,TELECOMUNICAÇÕES,FIQE3,02255187000108
485,WEST,WESTWING,TECNOLOGIA DA INFORMAÇÃO,PROGRAMAS E SERVIÇOS,PROGRAMAS E SERVIÇOS,WEST3,14776142000150
